order_id;due_date
80306;2025-01-03
80555;2024-03-15
82796;2024-04-26
83263;2024-09-04
83701;2024-05-13
83949;2024-06-14
84060;2024-08-29
84560;2024-09-04
84564;2025-02-17
84570;2024-09-23
84591;2024-09-05
85533;2024-06-19
88928;2024-12-20
77483;2024-02-09
88946;2024-12-20
88988;2024-12-20
88994;2025-01-10
89000;2024-12-20
89004;2025-01-03
89008;2024-12-20
89015;2025-01-03
89017;2024-12-20
89025;2024-12-13
89026;2025-01-10
89029;2024-12-20
89030;2024-12-20
89031;2025-01-10
89032;2025-01-10
89033;2025-01-31
89034;2024-12-20
89036;2024-12-20
89038;2024-12-20
89043;2024-12-20
89045;2024-12-20
89047;2024-12-20
89059;2025-01-24
89080;2025-01-10
89082;2025-01-10
89083;2025-01-17
89084;2025-01-24
89086;2025-01-31
89087;2025-02-01
89088;2025-01-23
88966;2024-10-31
89345;2025-01-17
89398;2025-01-31
89427;2025-01-10
89428;2024-12-20
89430;2025-01-17
89434;2025-01-16
89672;2025-01-23
89785;2025-01-08
89851;2025-01-23
90056;2024-11-14
90171;2025-01-25
90200;2024-12-20
90215;2025-02-07
90216;2025-01-17
90217;2025-01-08
90220;2025-01-10
90226;2024-12-20
90229;2025-01-08
90231;2024-12-20
90234;2024-12-20
90235;2024-12-20
90236;2024-12-13
90239;2024-12-20
90241;2024-12-20
90242;2024-12-20
90245;2025-01-17
90247;2025-01-03
90248;2025-01-31
90249;2025-01-03
90250;2024-12-20
90252;2024-12-20
90254;2024-12-20
90256;2025-02-28
90258;2025-02-28
90260;2025-02-28
90262;2025-01-24
90263;2025-01-10
90264;2024-12-20
90265;2025-02-21
90277;2025-01-03
90303;2025-03-06
90305;2025-03-03
90306;2025-01-06
90307;2025-01-06
90309;2025-02-07
90310;2025-02-11
90311;2025-02-17
90312;2025-02-11
90316;2025-02-11
90317;2025-03-03
90318;2025-02-11
90320;2025-02-17
90322;2025-02-11
90323;2025-02-24
90324;2025-02-11
90325;2025-02-28
90326;2025-02-21
90328;2025-02-28
90330;2025-02-28
90332;2025-02-28
90333;2025-02-28
90334;2025-02-28
90335;2025-02-28
90336;2025-02-24
90338;2025-02-28
90337;2025-02-17
90339;2025-03-03
90340;2025-02-28
90342;2025-03-14
90343;2025-03-03
90344;2025-02-28
90345;2025-03-03
90346;2025-03-03
90347;2025-03-03
90349;2025-02-17
90350;2025-02-28
90352;2025-03-03
90351;2025-02-17
90353;2025-02-24
90354;2025-02-17
90355;2025-03-03
90356;2025-03-03
90359;2025-03-10
90360;2025-03-10
90363;2025-03-24
90364;2025-03-03
90365;2025-03-10
90366;2025-03-10
90367;2025-02-24
90368;2025-02-11
90369;2025-03-03
90370;2025-03-10
90372;2025-03-10
90374;2025-03-03
90376;2025-03-10
90377;2025-03-03
90378;2025-03-10
90379;2025-03-03
90380;2025-03-17
90381;2025-03-03
90382;2025-03-17
90383;2025-03-17
90384;2025-03-03
90385;2025-03-17
90386;2025-03-03
90387;2025-03-03
90388;2025-03-03
90389;2025-03-10
90391;2025-03-10
90394;2025-03-10
90396;2025-03-10
90398;2025-03-10
90400;2025-03-10
90403;2025-03-10
90404;2025-03-10
90405;2025-03-10
90406;2025-03-10
90432;2025-03-17
90436;2025-03-17
90438;2025-03-10
90439;2025-02-11
90440;2025-03-10
90441;2025-03-03
90442;2025-03-10
90444;2025-03-03
90445;2025-03-10
90447;2025-03-10
90448;2025-03-10
90449;2025-03-10
90450;2025-03-10
90451;2025-04-03
90452;2025-03-17
90453;2025-03-17
90454;2025-03-17
90455;2025-03-17
90456;2025-03-17
90457;2025-03-17
90458;2025-03-17
90459;2025-03-24
90460;2025-01-06
89355;2025-01-17
90466;2025-03-24
90467;2025-03-17
90468;2025-03-17
90469;2025-03-17
90470;2025-03-24
90471;2025-03-17
90472;2025-03-17
90473;2025-03-24
90474;2025-03-17
90475;2025-03-17
90476;2025-03-24
90477;2025-03-17
90478;2025-03-10
90479;2025-03-24
90480;2025-03-17
90481;2025-03-24
90486;2025-03-24
90487;2025-03-24
90488;2025-04-07
90490;2025-03-24
90492;2025-02-13
90493;2025-03-31
90494;2025-03-24
90495;2025-03-24
90496;2025-03-17
90497;2025-04-07
90499;2025-03-31
90500;2025-03-24
90501;2025-03-03
90502;2025-03-24
90503;2025-04-07
90504;2025-03-31
90507;2025-03-20
90508;2025-03-20
90509;2025-03-24
90510;2025-03-31
90511;2025-03-24
90512;2025-04-07
90513;2025-03-31
90514;2025-03-24
90517;2025-04-07
90521;2025-01-16
90522;2025-01-16
90523;2025-01-16
90524;2025-01-17
90525;2025-01-23
90526;2025-03-31
90527;2025-04-07
90528;2025-03-31
90529;2025-01-09
90530;2025-03-24
90531;2025-03-19
90532;2025-03-31
90533;2025-01-30
90534;2025-04-07
90536;2025-03-10
90537;2025-02-13
90538;2025-03-24
90540;2025-02-13
90541;2025-03-31
90542;2025-01-23
90543;2025-03-31
90544;2025-03-31
90545;2025-01-30
90546;2025-02-20
90549;2025-01-07
90547;2025-02-20
90539;2025-02-11
90535;2025-01-23
90561;2025-01-06
90566;2025-01-31
90567;2025-02-28
90570;2024-12-02
90581;2025-01-20
90582;2025-01-06
90583;2025-01-31
90584;2025-02-28
90585;2025-02-24
90586;2025-03-10
90587;2025-04-07
90592;2024-11-26
90594;2025-01-06
90595;2025-01-31
90596;2025-02-28
90598;2025-01-08
90604;2025-04-14
90608;2025-04-14
90635;2025-04-07
90636;2025-04-11
90637;2025-05-05
90638;2025-05-05
90639;2025-04-21
90640;2025-04-11
90641;2025-03-31
90642;2025-04-28
90643;2025-04-28
90646;2025-04-28
90647;2025-05-09
90649;2025-04-28
90650;2025-02-13
90651;2025-04-25
90652;2025-05-19
90653;2025-03-31
90654;2025-04-25
90655;2025-05-09
90656;2025-04-25
90657;2025-05-02
90660;2025-02-14
90661;2025-02-21
90662;2025-03-10
90663;2025-04-21
90665;2025-04-21
90666;2025-04-22
90668;2025-05-19
90669;2025-02-19
90670;2025-04-07
90671;2025-04-07
90672;2025-02-28
90673;2025-05-09
90674;2025-05-05
90675;2025-05-05
90676;2025-05-05
90677;2025-04-14
90679;2025-04-14
90680;2025-05-05
90681;2025-05-02
90682;2025-04-11
90683;2025-04-28
90684;2025-04-21
90685;2025-04-14
90686;2025-04-21
90688;2025-04-21
90689;2025-02-19
90690;2025-05-05
90691;2025-04-21
90692;2025-04-21
90694;2025-05-12
90695;2025-04-28
90696;2025-04-07
90697;2025-04-07
90698;2025-03-31
90699;2025-04-14
90706;2025-04-14
90708;2025-04-07
90707;2025-02-14
90709;2025-04-07
90710;2025-04-14
90715;2025-04-14
90716;2025-04-07
90719;2025-02-20
90741;2025-02-20
90746;2024-12-12
90747;2025-02-21
90758;2025-01-03
90775;2025-01-07
90811;2025-02-13
90814;2025-03-03
90815;2025-02-24
90817;2025-03-25
90816;2024-11-27
90818;2025-02-26
90819;2025-02-28
90820;2025-04-28
90821;2025-05-05
90822;2025-06-02
90824;2025-05-05
90825;2025-02-19
90827;2025-05-19
90826;2024-12-12
90828;2025-05-05
90830;2025-05-05
90831;2025-05-12
90833;2025-05-12
90835;2025-05-26
90834;2025-02-26
90836;2025-02-20
90837;2025-05-12
90838;2025-05-12
90843;2025-02-19
90845;2025-03-05
90847;2025-02-26
90851;2025-02-19
90854;2025-03-06
90858;2025-02-26
90868;2024-12-03
90871;2025-05-12
90874;2025-05-12
90887;2024-12-20
90891;2025-05-05
90897;2025-05-12
90901;2025-02-28
90902;2025-03-25
90903;2025-04-28
90904;2025-05-05
90905;2025-04-11
90906;2025-05-07
90907;2025-04-28
90908;2025-05-12
90911;2025-05-12
90912;2025-05-12
90913;2025-05-12
90915;2025-05-12
90916;2025-05-12
90917;2025-05-26
90918;2024-12-19
90929;2025-05-12
90955;2025-05-19
90958;2025-05-12
90962;2025-02-21
90964;2025-05-19
90965;2025-02-26
90968;2025-05-19
90969;2025-05-19
90970;2025-05-12
90971;2025-05-19
90972;2025-05-19
90973;2025-05-14
90975;2025-05-19
90976;2025-05-16
90977;2025-05-12
90978;2025-02-26
90981;2025-02-26
90984;2025-01-16
90985;2024-11-28
90986;2025-05-19
90989;2025-05-19
90991;2025-05-19
90994;2025-05-19
90995;2025-05-19
90996;2025-02-13
90997;2025-05-19
90999;2025-05-19
91001;2025-05-19
91004;2025-05-26
91005;2025-02-19
91010;2025-05-19
91013;2025-05-19
91015;2025-05-23
91016;2024-12-16
91018;2025-01-17
91027;2024-11-25
91028;2025-05-26
91030;2025-02-17
91031;2025-05-26
91032;2025-05-26
91059;2024-11-27
91060;2024-11-27
91061;2024-11-27
91023;2024-12-16
91094;2025-02-13
91110;2024-11-27
90842;2025-04-24
91146;2024-12-09
91167;2024-12-13
91176;2024-12-02
91180;2024-11-28
91216;2025-02-14
91219;2025-06-02
91222;2025-02-19
91226;2025-06-02
91229;2024-11-28
91225;2024-12-20
91231;2025-02-28
91235;2025-06-02
91242;2025-06-02
91245;2025-02-26
91246;2025-06-02
91248;2025-02-28
91249;2025-05-30
91267;2025-06-02
91268;2024-11-29
91269;2024-11-29
91275;2025-04-28
91276;2025-05-30
91277;2025-05-26
91278;2025-05-26
91280;2025-05-26
91281;2025-05-26
91282;2025-05-26
91287;2025-05-26
91302;2025-05-26
91305;2025-05-26
91306;2025-06-09
91308;2025-06-16
91320;2025-02-28
91336;2025-07-07
91338;2025-08-18
91339;2025-06-30
91340;2025-05-28
91341;2025-06-16
91345;2025-06-30
91346;2025-08-04
91347;2025-06-16
91348;2025-08-11
91351;2025-06-23
91354;2025-07-07
91355;2025-06-23
91373;2025-01-22
91376;2025-02-04
91377;2025-06-24
91378;2025-05-16
91380;2025-06-04
91381;2025-06-04
91382;2025-06-04
91383;2025-05-12
91384;2025-06-02
91385;2025-06-04
91393;2025-02-26
91395;2025-06-02
91396;2025-06-02
91398;2025-06-02
91400;2025-06-02
91402;2025-06-02
91403;2025-06-02
91405;2025-06-02
91406;2025-06-02
91407;2025-06-02
91408;2025-06-02
91410;2024-12-05
91412;2025-02-28
91416;2024-12-12
91418;2025-02-06
91422;2025-02-13
91424;2024-12-12
91426;2024-12-13
91429;2024-12-06
91431;2024-12-06
91432;2024-12-06
91433;2024-12-06
91436;2024-12-09
91437;2025-02-26
91438;2025-02-27
91443;2025-06-04
91446;2025-06-09
91447;2025-06-09
91448;2025-06-09
91449;2025-06-09
91450;2025-06-09
91451;2025-06-09
91452;2025-06-09
91453;2025-06-09
91454;2025-06-09
91455;2025-06-09
91456;2025-06-09
91457;2025-06-09
91458;2024-12-16
91459;2024-12-16
91471;2024-12-05
91473;2024-12-16
91474;2025-02-26
91476;2025-06-09
91479;2024-12-10
91480;2024-12-17
91482;2025-02-06
91484;2025-01-09
91485;2025-01-30
91486;2025-01-09
91487;2025-01-16
91488;2025-01-06
91489;2025-05-26
91490;2024-12-23
91491;2024-12-10
91492;2024-12-10
91493;2024-12-10
91494;2024-12-10
91500;2024-12-10
91501;2024-12-17
91502;2024-12-10
91504;2024-12-10
91506;2024-12-17
91508;2024-12-17
91509;2024-12-06
91512;2024-12-06
91513;2024-12-06
91496;2024-12-10
91515;2024-12-17
91516;2024-12-17
91517;2025-01-21
91518;2025-01-21
91519;2024-12-06
91520;2025-05-26
91521;2025-06-16
91522;2025-02-27
91523;2025-06-09
91524;2025-06-11
91525;2025-06-11
91527;2025-06-11
91528;2025-06-11
91529;2025-06-11
91530;2025-02-27
91531;2024-12-12
91533;2024-12-11
91534;2024-12-11
91535;2025-01-30
91537;2025-02-20
91540;2024-12-11
91541;2025-06-16
91542;2025-06-16
91543;2025-01-07
91544;2025-06-16
91551;2024-12-18
91552;2025-02-12
91546;2024-12-18
91554;2025-03-11
91557;2024-12-11
91558;2025-06-23
91559;2025-06-23
91560;2025-06-23
91561;2025-06-18
91562;2025-06-16
91563;2025-06-16
91564;2025-06-16
91565;2025-06-18
91566;2024-12-11
91567;2024-12-12
91570;2025-03-05
91571;2024-12-19
91575;2024-12-10
91576;2024-12-18
91580;2024-12-12
91581;2025-06-18
91582;2025-05-26
91578;2024-12-10
91584;2025-02-28
91585;2024-12-10
91586;2025-02-14
91587;2024-12-10
91601;2024-12-13
91604;2024-12-11
91615;2024-12-20
91616;2024-12-20
91617;2024-12-11
91618;2024-12-13
91619;2024-12-13
91621;2024-12-06
